{"b": 97.94349022705855, "k": 24.68016506543874}